pid,vid,set,caption
P00000001,V006.mp4_25740_25984.avi.npy,train,high kick serve fp returns a ls return short rally fp cross-court rs lands out-side the court
P00000002,V006.mp4_26498_26628.avi.npy,train,np a good serve fp is unable to return it
P00000003,V006.mp4_27071_27200.avi.npy,train,np aims a fine serve at t fp is unable to return it
P00000004,V006.mp4_27954_28053.avi.npy,train,np aims a fine serve at t fp has no answer to it
P00000005,V006.mp4_29700_29831.avi.npy,train,double fault
P00000006,V006.mp4_30675_30903.avi.npy,train,fine serve fp delivers a rs return brief rally np sends a rs cross-court out of the court
P00000007,V006.mp4_31828_31995.avi.npy,train,np aims a bodyline serve fp works a rs return np struggles to keep a cross-court ls in a rally
P00000008,V006.mp4_32622_32841.avi.npy,train,np serves a good one fp puts back a ls return good rally fp hits a ls winner down the line
P00000009,V006.mp4_33683_33870.avi.npy,train,good serve in the middle np crafts a ls return fp cross-court ls fails to land inside the court
P00000010,V006.mp4_34766_35239.avi.npy,train,fp serves wide np works a ls return brief rally fp cross-court rs fails to land inside the court
P00000011,V006.mp4_36031_36214.avi.npy,train,fp hits a good serve np struggles with it before hitting a ls into the net
P00000012,V006.mp4_36758_36841.avi.npy,train,quick serve is an ace
P00000013,V006.mp4_37506_37976.avi.npy,train,good serve wide np returns a quick rs return short rally np hits a ls long and out of court
P00000014,V006.mp4_38754_38859.avi.npy,train,quick serve out wide is an ace
P00000015,V006.mp4_41356_41633.avi.npy,train,serve aimed in the corner np returns a rs return short rally np comes in quickly and smashes a rs winner
P00000016,V006.mp4_42242_42328.avi.npy,train,good serve aimed at t it's an ace
P00000017,V006.mp4_43172_43473.avi.npy,train,quick serve np returns a quick ls return couple of shots exchanged fp sprays a ls outside the court
P00000018,V006.mp4_44081_44294.avi.npy,train,good serve aimed at t np only reaches to it short rally np cross-court fails to clear the net in the middle
P00000019,V006.mp4_44863_45095.avi.npy,train,heavy serve out wide np returns a quick rs return short rally fp strokes a rs cross-court winner which clips the net
P00000020,V006.mp4_46286_46416.avi.npy,train,second serve doesn't make it over the net double fault
P00000021,V006.mp4_46965_47237.avi.npy,train,quick serve np returns a rs return couple of shots exchanged fp pulls a ls cross-court into the net
P00000022,V006.mp4_48200_48418.avi.npy,train,good serve in the middle np returns a quick rs return short rally np cross-court fails to clear the net in the middle
P00000023,V006.mp4_49663_49817.avi.npy,train,huge serve guided at t np returns a quick ls return brief rally fp sends a rs wide out of the court
P00000024,V006.mp4_50596_50770.avi.npy,train,quick serve np crafts a rs return couple of shots exchanged np hits a rs winner deep into the back corner
P00000025,V006.mp4_51780_51948.avi.npy,train,np hits a flat serve wide short rally fp struggles to get a rs over then net
P00000026,V006.mp4_52296_52410.avi.npy,train,np hits a flat serve down the t fp has no answer to it
P00000027,V006.mp4_52884_53008.avi.npy,train,gigantic serve wide is an ace
P00000028,V006.mp4_54138_54337.avi.npy,train,np serves a good one fp puts back a ls return good rally fp cracks a rs winner down the line
P00000029,V006.mp4_56210_56369.avi.npy,train,double fault
P00000030,V006.mp4_57029_57111.avi.npy,train,high kick serve wide is an ace
P00000031,V006.mp4_59907_60146.avi.npy,train,high kick serve fp returns a rs return short rally fp miss hits putting the ball out wide
P00000032,V006.mp4_60768_60948.avi.npy,train,np serves a heavy serve down the middle which fp returns long
P00000033,V006.mp4_61479_61660.avi.npy,train,np aims a fine serve at t a couple of shots exchanged before fp hits a ls long
P00000034,V006.mp4_62863_63056.avi.npy,train,nice serve guided at t fp puts back a rs return before a np rs flies outside the court
P00000035,V006.mp4_64113_64246.avi.npy,train,good serve in the middle fp generates a rs return winner
P00000036,V006.mp4_65083_65298.avi.npy,train,np serves down the t fp returns a ls return brief rally np fails to keep a cross-court ls in the play
P00000037,V006.mp4_65925_66448.avi.npy,train,quick serve fp returns a rs return hard fought rally np flashes a rs cross-court winner
P00000038,V006.mp4_68206_68339.avi.npy,train,double fault
P00000039,V006.mp4_69045_69440.avi.npy,train,good serve fp returns a quick ls return short rally fp cracks a rs winner down the line
P00000040,V006.mp4_70803_71140.avi.npy,train,fine serve fp puts back a rs return good rally np puts a ls volley into the net
P00000041,V006.mp4_74554_74685.avi.npy,train,fast serve down the t is an ace
P00000042,V006.mp4_75182_75302.avi.npy,train,fp arrows a good serve at t np is unable to return it
P00000043,V006.mp4_75775_76170.avi.npy,train,fine serve placed at t np returns a quick ls return couple of shots exchanged fp cross-court fails to clear the net in the middle
P00000044,V006.mp4_76933_77129.avi.npy,train,fp aims a high kick serve np puts back a ls return good rally fp produces a ls cross-court winner
P00000045,V006.mp4_77700_77836.avi.npy,train,sharp angled slice serve np only reaches to it
P00000046,V006.mp4_79602_79753.avi.npy,train,fine serve np shoots a ls return winner
P00000047,V006.mp4_80358_80556.avi.npy,train,quick serve np returns a quick rs return couple of shots exchanged np nets a rs down the line
P00000048,V006.mp4_81121_81247.avi.npy,train,good serve couple of shots exchanged before fp puts the ball into the net
P00000049,V006.mp4_81760_81928.avi.npy,train,good serve down the t a few shots exchanged before fp hits a rs wide of the court
P00000050,V006.mp4_82933_83054.avi.npy,train,fp serves np replies by smashing a rs winner down the line
P00000051,V006.mp4_84044_84192.avi.npy,train,np hits a good serve fp struggles with it returning it long
P00000052,V006.mp4_84605_84838.avi.npy,train,np serves a good one fp delivers a rs return good rally fp cross-court ls fails to land inside the court
P00000053,V006.mp4_85617_85804.avi.npy,train,high kick serve fp crafts a rs return short rally np strokes a ls cross-court winner
P00000054,V006.mp4_86457_86700.avi.npy,train,fine serve fp puts back a rs return brief rally np smacks a rs winner down the line
P00000055,V006.mp4_89489_89647.avi.npy,val,good serve in the middle fp smashes a ls return which np is unable to return
P00000056,V006.mp4_91443_91583.avi.npy,val,fine serve fp cross-court rs return fails to land inside the court
P00000057,V006.mp4_92074_92399.avi.npy,val,quick serve fp returns a quick rs return good rally np whips a ls cross-court winner
P00000058,V006.mp4_93149_93453.avi.npy,val,np serves a good one fp puts back a ls return good rally fp sends a ls long of the court
P00000059,V006.mp4_94068_94243.avi.npy,val,np arrows a bodyline serve fp struggles with it
P00000060,V006.mp4_95269_95430.avi.npy,test,fp serves a high kick serve np returns a rs return fp fails to keep a cross-court rs in the play
P00000061,V006.mp4_96332_96459.avi.npy,test,good serve aimed at t np only reaches to it hitting the return long
P00000062,V006.mp4_97249_97451.avi.npy,test,good serve in the middle np returns a quick ls return short rally np cross-court fails to clear the net in the middle
P00000063,V006.mp4_98158_98339.avi.npy,test,fp serves a high kick serve np returns a quick ls return brief rally np rs catches the net
P00000064,V006.mp4_99213_99357.avi.npy,test,quick serve np crafts a rs return fp goes for a ls down the line but catches the net
P00000065,V006.mp4_100336_100483.avi.npy,test,double fault
P00000066,V006.mp4_100966_101147.avi.npy,test,good serve np generates a rs return fp then returns one into the net
P00000067,V006.mp4_102438_102585.avi.npy,test,fp serves a high kick serve np delivers a high ls return fp produces a ls winner coming to net
P00000068,V006.mp4_103358_103501.avi.npy,test,quick serve np returns a quick rs return fp ls is unable to clear the net
P00000069,V006.mp4_104153_104312.avi.npy,test,fp aims a high kick serve np returns a ls return fp hits a rs cross-court winner
P00000070,V006.mp4_105108_105342.avi.npy,test,good serve in the middle np crafts a ls return short rally np hits a rs cross-court but it fails to clear the net
P00000071,V006.mp4_105930_106015.avi.npy,test,fp hits a bodyline serve np has no answer to it
P00000072,V006.mp4_109040_109205.avi.npy,test,double fault
P00000073,V006.mp4_110170_110297.avi.npy,test,double fault
P00000074,V006.mp4_110916_111174.avi.npy,test,fp aims a high kick serve np crafts a ls return good rally fp sends a rs cross-court out of the court
P00000075,V006.mp4_112227_112353.avi.npy,test,fp arrows a bodyline serve np struggles with it
P00000076,V006.mp4_112914_113211.avi.npy,test,fine serve np works a rs return brief rally np rushes to net and smashes a rs winner
P00000077,V006.mp4_114488_114730.avi.npy,test,quick serve fp returns a ls return couple of shots exchanged fp slaps a rs winner down the line
P00000078,V006.mp4_115795_115927.avi.npy,test,slice serve fp has no answer to it
P00000079,V006.mp4_116797_117253.avi.npy,test,good serve in the middle fp returns a quick rs return long rally np strokes a ls cross-court winner
P00000080,V006.mp4_119088_119188.avi.npy,test,sizzling serve down the t is an ace
P00000081,V006.mp4_119912_120012.avi.npy,test,huge serve down the t is an ace
P00000082,V007.mp4_14580_14706.avi.npy,train,slice serve fp fails to put it back
P00000083,V007.mp4_15107_15199.avi.npy,train,fine serve fp is unable to return it inside the courts
P00000084,V007.mp4_15520_15634.avi.npy,train,gigantic serve out wide is an ace
P00000085,V007.mp4_16247_16387.avi.npy,train,high kick serve fp returns a quick rs return np kicks a ls down the line out of the court
P00000086,V007.mp4_16838_17005.avi.npy,train,np aims a bodyline serve fp returns a rs return np hits a rs cross-court winner
P00000087,V007.mp4_18129_18239.avi.npy,train,np aims a fine serve at t fp only manages to touch it
P00000088,V007.mp4_18793_19049.avi.npy,train,high kick serve fp crafts a rs return rally fp thumps a ls winner down the line
P00000089,V007.mp4_19590_19842.avi.npy,train,fine serve fp returns a quick rs return brief rally np sprays a rs outside the court
P00000090,V007.mp4_20574_20778.avi.npy,train,np aims a high kick serve fp delivers a rs return good rally fp ls goes outside the court
P00000091,V007.mp4_21267_21329.avi.npy,train,gigantic serve in the middle is an ace
P00000092,V007.mp4_22074_22239.avi.npy,train,np goes for a out-wide serve fp returns a quick rs return np fails to keep a cross-court rs in the play
P00000093,V007.mp4_22747_22900.avi.npy,train,np serves a good one fp returns a rs return np runs to the net crafts a rs half-volley but misses the target
P00000094,V007.mp4_23551_23694.avi.npy,train,np serves a high kick serve fp works a rs return np rs fails to clear the net
P00000095,V007.mp4_24449_24741.avi.npy,train,quick serve np crafts a ls return rally fp produces a ls cross-court winner
P00000096,V007.mp4_25163_25253.avi.npy,train,sizzling serve is an ace
P00000097,V007.mp4_26228_26510.avi.npy,train,fp arrows a bodyline serve np puts back a rs return rally fp hits a ls down the line but fails to clear the net
P00000098,V007.mp4_27113_27260.avi.npy,train,quick serve np works a ls return fp moves closer to net goes for a ls smash but it goes long
P00000099,V007.mp4_28331_28616.avi.npy,train,good serve in the middle np returns a quick ls return short rally fp cross-court rs lands out-side the court
P00000100,V007.mp4_29397_29546.avi.npy,train,fine serve np returns a ls return fp hits a ls down the line that np is unable to return
P00000101,V007.mp4_30080_30274.avi.npy,train,good server down the t np slices a ls return fp smashes a rs down the line which np is unable to return
P00000102,V007.mp4_30791_30896.avi.npy,train,good serve aimed at t np rs return doesn't land inside the court
P00000103,V007.mp4_34046_34165.avi.npy,train,short angled slice serve np only manages to touch it
P00000104,V007.mp4_34712_34948.avi.npy,train,fp goes for a out-wide serve np returns a ls return couple of shots exchanged fp ls slice doesn't make it over the net
P00000105,V007.mp4_35321_35440.avi.npy,train,good serve aimed at t np only reaches to it it's an ace
P00000106,V007.mp4_35814_36046.avi.npy,train,good serve in the middle np works a rs return short rally fp runs to the net crafts a ls volley but misses the target
P00000107,V007.mp4_36506_36764.avi.npy,train,fp arrows a bodyline serve np crafts a ls return brief rally fp comes in quickly tries a ls volley but fails to clear the net
P00000108,V007.mp4_37354_37441.avi.npy,train,cannon serve is an ace
P00000109,V007.mp4_37883_38062.avi.npy,train,fp aims a bodyline serve np works a rs return fp ls lands out-side the court
P00000110,V007.mp4_38426_38513.avi.npy,train,lightening serve down the t which np is unable to return
P00000111,V007.mp4_38868_38990.avi.npy,train,fp arrows a good serve np is unable to return it
P00000112,V007.mp4_39516_39714.avi.npy,train,fp serves a good one np returns a quick rs return fp struggles to keep a cross-court rs in a rally
P00000113,V007.mp4_40171_40336.avi.npy,train,good serve np crafts a rs return fp ls goes outside the court
P00000114,V007.mp4_40712_40902.avi.npy,train,quick serve pointed at t np works a rs return brief rally np hits a ls wide of the court
P00000115,V007.mp4_41486_41683.avi.npy,train,fp serves a good one np delivers a rs return good rally np cross-court rs goes into the the net
P00000116,V007.mp4_42268_42451.avi.npy,train,fp serves a high kick serve np returns a ls return fp struggles to keep a cross-court ls in a rally
P00000117,V007.mp4_43296_43462.avi.npy,train,slice serve aimed in the middle np returns a ls return fp sprays a cross-court ls wide of the court
P00000118,V007.mp4_44386_44507.avi.npy,train,fp serves a good one out wide np ls return fails to make it over the net
P00000119,V007.mp4_44990_45254.avi.npy,train,fp serves a acute angled slice serve np crafts a rs return couple of shots exchanged np hits a rs down the line but fails to clear the net
P00000120,V007.mp4_45729_45852.avi.npy,train,nice serve by fp np faces difficulty in returning it
P00000121,V007.mp4_47231_47450.avi.npy,train,sharp angled slice serve fp's return goes long
P00000122,V007.mp4_48115_48210.avi.npy,train,good serve aimed at t fp only reaches to it
P00000123,V007.mp4_48658_48775.avi.npy,train,good serve in the middle fp dumps a rs return into the net
P00000124,V007.mp4_49080_49240.avi.npy,train,fine serve fp works a ls return np rs down the line fails to clear the net
P00000125,V007.mp4_49812_49943.avi.npy,train,sharp angled slice serve fp's return goes long
P00000126,V007.mp4_52373_52741.avi.npy,train,good serve in the middle fp delivers a rs return rally np ls slice fails to clear the net
P00000127,V007.mp4_53410_53677.avi.npy,train,np goes for a out-wide serve fp crafts a rs return couple of shots exchanged np goes for a rs slice but falters with it
P00000128,V007.mp4_54095_54333.avi.npy,train,np hits a acute angled slice serve fp works a ls return well contensted rally fp strokes a ls cross-court winner
P00000129,V007.mp4_54835_54920.avi.npy,train,good serve fp fails to put it back
P00000130,V007.mp4_55220_55346.avi.npy,train,np serves a slice serve fp delivers a ls return np flashes a rs cross-court winner
P00000131,V007.mp4_55934_56310.avi.npy,train,np aims a high kick serve fp crafts a rs return well contensted rally np moves upto the net and places a ls volley winner
P00000132,V007.mp4_56958_57077.avi.npy,train,cannon serve is an ace
P00000133,V007.mp4_57569_57680.avi.npy,train,fine serve fp shoots a rs return winner
P00000134,V007.mp4_58156_58300.avi.npy,train,quick serve fp delivers a rs return np comes in quickly tries a ls volley but it goes long
P00000135,V007.mp4_58844_59107.avi.npy,train,np serves a good one fp works a ls return good rally np cross-court ls fails to land inside the court
P00000136,V007.mp4_60349_60482.avi.npy,train,fine serve np returns a quick ls return fp hits a rs winner down the line
P00000137,V007.mp4_60883_61038.avi.npy,train,quick serve np returns a rs return fp ls goes into the the net
P00000138,V007.mp4_61455_61540.avi.npy,train,fp serves a heavy serve which is an ace
P00000139,V007.mp4_61941_62137.avi.npy,train,good serve in the middle np returns a rs return short rally np hits a ls down the line but misses the court
P00000140,V007.mp4_62498_62608.avi.npy,train,fp arrows a good serve at t np is unable to return it
P00000141,V007.mp4_66178_66316.avi.npy,train,nice serve by fp np faces difficulty in returning it
P00000142,V007.mp4_66960_67183.avi.npy,train,fp serves a high kick serve np works a ls return brief rally fp ls lands out-side the court
P00000143,V007.mp4_67842_68006.avi.npy,train,short angled slice serve np rs return lands long of the court
P00000144,V007.mp4_68268_68462.avi.npy,train,fp serves a good one np returns a quick rs return fp sends a ls volley cross-court long
P00000145,V007.mp4_69372_69471.avi.npy,train,fine serve np's ls return goes long
P00000146,V007.mp4_69737_69874.avi.npy,train,fine serve np is unable to return it
P00000147,V007.mp4_71350_71622.avi.npy,train,quick serve np works a ls return couple of shots exchanged fp rs slice goes into the net
P00000148,V007.mp4_72091_72226.avi.npy,train,nice serve by fp np faces difficulty in returning it in the court
P00000149,V007.mp4_72611_72953.avi.npy,train,slice serve np returns a rs return short rally np rushes in quickly and volleys a ls winner
P00000150,V007.mp4_73614_73785.avi.npy,train,fp produces a bodyline serve np delivers a rs return fp cross-court ls goes into the the net
P00000151,V007.mp4_74946_75056.avi.npy,train,fp serves a good one wide which np returns into the net
P00000152,V007.mp4_76407_76560.avi.npy,train,fp goes for a bodyline serve np returns a ls return fp cross-court rs catches the net
P00000153,V007.mp4_77576_77884.avi.npy,train,good serve in the middle fp works a ls return short rally np ls slice fails to clear the net
P00000154,V007.mp4_78413_78513.avi.npy,train,fine serve fp is unable to return it into court
P00000155,V007.mp4_78835_78918.avi.npy,train,cannon serve down the t is an ace
P00000156,V007.mp4_79287_79415.avi.npy,train,nice wide serve by np fp faces difficulty in returning it
P00000157,V007.mp4_80141_80318.avi.npy,train,good serve aimed at t fp returns a rs return short rally np comes to net and volleys a ls winner
P00000158,V007.mp4_82788_82868.avi.npy,train,np arrows a good serve at t fp is unable to return it
P00000159,V007.mp4_83171_83359.avi.npy,train,quick serve fp returns a ls return couple of shots exchanged fp pushes a rs long
P00000160,V007.mp4_83724_83830.avi.npy,train,good serve aimed at t fp only reaches to it
P00000161,V007.mp4_84315_84445.avi.npy,train,np serves a high kick serve fp rs slice goes outside the court
P00000162,V007.mp4_85014_85364.avi.npy,train,sharp angled slice serve np returns a rs return couple of shots exchanged np slaps a rs cross-court winner
P00000163,V007.mp4_86431_86720.avi.npy,train,good serve in the middle np returns a quick rs return rally fp rushes in quickly and volleys a rs winner
P00000164,V007.mp4_87253_87592.avi.npy,train,acute angled slice serve np puts back a rs return lengthy exchange between the players fp rushes to net and hits a ls smash winner
P00000165,V007.mp4_88142_88428.avi.npy,train,heavy serve aimed at t np crafts a rs return rally np surges towards the net and hits a rs volley winner
P00000166,V007.mp4_89501_89716.avi.npy,train,good serve in the middle short rally fp ls finds the net in the middle
P00000167,V007.mp4_90285_90435.avi.npy,train,fine serve np is unable to return it
P00000168,V007.mp4_90894_91031.avi.npy,train,fp hits a slice serve np returns a quick rs return fp cross-court ls lands wide of the court
P00000169,V007.mp4_91649_91983.avi.npy,train,fp serves a good one np delivers a rs return well contensted rally np reaches to the net and places a rs volley winner
P00000170,V007.mp4_95149_95336.avi.npy,train,good serve in the middle np works a rs return np comes to net and hits a ls volley winner
P00000171,V007.mp4_95858_96021.avi.npy,train,fine serve np crafts a ls return fp's ls goes long
P00000172,V007.mp4_96667_96832.avi.npy,train,sharp angled slice serve np returns a rs return fp whips a rs cross-court winner
P00000173,V007.mp4_97377_97566.avi.npy,train,fp serves a good one np delivers a rs return fp ls taps the net tape and flies outside the court
P00000174,V007.mp4_98260_98483.avi.npy,train,fp aims a wide serve np delivers a rs return short rally np struggles to keep a cross-court ls in the court
P00000175,V007.mp4_99215_99417.avi.npy,train,fine serve np works a rs return brief rally np slices a ls but catches the net
P00000176,V007.mp4_100050_100161.avi.npy,train,fp hits a good serve np struggles with it
P00000177,V007.mp4_100685_100962.avi.npy,train,fp serves a good one np works a rs return rally np ls slice goes wide of the court
P00000178,V007.mp4_101610_101862.avi.npy,val,good serve in the middle fp returns a rs return short rally fp cross-court rs lands out-side the court
P00000179,V007.mp4_102206_102362.avi.npy,val,fine serve fp delivers a rs return brief rally np sends a rs cross-court out of the court
P00000180,V007.mp4_103008_103389.avi.npy,val,np serves a good one fp crafts a rs return extended rally fp puts a ls into the net
P00000181,V007.mp4_104059_104408.avi.npy,val,np serves a high kick serve fp returns a rs return rally fp cross-court ls lands out-side the court
P00000182,V007.mp4_105101_105305.avi.npy,val,quick serve fp delivers a rs return couple of shots exchanged np charges towards the net and hits a ls volley winner
P00000183,V007.mp4_108005_108127.avi.npy,test,good bodyline serve fp fails to get it back
P00000184,V007.mp4_108908_109018.avi.npy,test,good serve fp fails to put it back
P00000185,V007.mp4_109656_109866.avi.npy,test,quick serve fp returns a rs return rally fp whips a rs cross-court winner
P00000186,V007.mp4_110498_110755.avi.npy,test,np serves a good one fp delivers a rs return rally fp ls goes outside the court
P00000187,V007.mp4_111570_111836.avi.npy,test,good serve in the middle fp works a rs return short rally np pulls a ls long
P00000188,V007.mp4_112607_113015.avi.npy,test,fine serve fp crafts a ls return intense rally np moves closer to net goes for a ls volley but it lands just wide
P00000189,V007.mp4_114187_114450.avi.npy,test,np serves a good one fp puts back a ls return rally fp ls finds the net in the middle
P00000190,V007.mp4_115267_115452.avi.npy,test,heavy serve aimed at t fp crafts a ls return short rally fp ls flies outside the court
P00000191,V007.mp4_116164_116276.avi.npy,test,slice serve np has no answer to it
P00000192,V007.mp4_116950_117223.avi.npy,test,fp aims a high kick serve np returns a quick ls return good rally np sends a rs outside the court
P00000193,V007.mp4_117719_117846.avi.npy,test,good serve np returns a rs return fp fails to keep a ls in the play
P00000194,V007.mp4_118581_118784.avi.npy,test,fp produces a bodyline serve np crafts a rs return couple of shots exchanged fp charges towards the net and hits a rs volley winner
P00000195,V007.mp4_119402_119579.avi.npy,test,fp serves a good one np crafts a ls return rally fp comes to net attempts a ls volley but fails to make it over the net
P00000196,V007.mp4_120489_120693.avi.npy,test,fine serve np delivers a rs return brief rally np attempts a ls slice but struggles to keep it inside the court
P00000197,V007.mp4_123247_123363.avi.npy,test,fp aims a fine serve at t np ls fails to make it over the net
P00000198,V007.mp4_123670_124150.avi.npy,test,huge serve guided at t np puts back a rs return well contensted rally np struggles to keep a rs lob in a rally
P00000199,V007.mp4_124692_124922.avi.npy,test,good serve in the middle np crafts a ls return short rally np cross-court rs fails to land inside the court
P00000200,V007.mp4_125289_125441.avi.npy,test,fp serves down the t np reaches a rs return fp comes to net and hits a volley winner
P00000201,V007.mp4_125997_126408.avi.npy,test,quick serve fp returns a rs return huge rally np pulls a rs cross-court lob long of the court
P00000202,V007.mp4_127140_127219.avi.npy,test,np arrows a bodyline serve fp struggles with it
P00000203,V007.mp4_127645_127826.avi.npy,test,fine serve fp puts back a ls return np cross-court ls catches the net
P00000204,V007.mp4_128169_128474.avi.npy,test,quick serve fp crafts a ls return rally np cross-court rs fails to land inside the court
P00000205,V007.mp4_129075_129150.avi.npy,test,massive serve in the middle is an ace
P00000206,V007.mp4_130115_130407.avi.npy,test,np serves a high kick serve fp works a rs return rally fp rushes to net and punches a ls volley winner
P00000207,V007.mp4_132782_132968.avi.npy,test,quick serve fp returns a quick ls return couple of shots exchanged fp ls goes outside the court
P00000208,V007.mp4_133461_133543.avi.npy,test,sizzling serve out wide is an ace
P00000209,V007.mp4_134200_134389.avi.npy,test,good serve in the middle fp returns a rs return np hits a rs cross-court winner
P00000210,V007.mp4_134992_135101.avi.npy,test,fine serve fp is unable to return it
P00000211,V008.mp4_1864_2189.avi.npy,train,good serve in the middle fp returns a rs return short rally fp thumps a rs cross-court winner
P00000212,V008.mp4_2625_2882.avi.npy,train,fine serve fp delivers a ls return np miss-hits a rs which fails to land inside the court
P00000213,V008.mp4_3292_3560.avi.npy,train,np hits a good serve fp hits a rs return brief rally fp smashes a ls winner
P00000214,V008.mp4_3975_4156.avi.npy,train,np serves a good one fp crafts a rs return but it lands wide of the court
P00000215,V008.mp4_4566_4790.avi.npy,train,good serve in the middle fp returns a quick ls return np hits a rs slice out of the court
P00000216,V008.mp4_5832_6088.avi.npy,train,np hits a slice serve wide fp returns a ls return a couple of shots exchanged fp ls lob lands outside of the court
P00000217,V008.mp4_7148_7434.avi.npy,train,np hits a good serve fp returns a rs return good rally np ls down the line lands outside the court
P00000218,V008.mp4_7996_8076.avi.npy,train,np serves a wide and fast ace
P00000219,V008.mp4_8620_8707.avi.npy,train,np slams an ace wide
P00000220,V008.mp4_9061_9240.avi.npy,train,fine serve fp returns a ls np comes to net but pushes a cross-court rs wide
P00000221,V008.mp4_10063_10184.avi.npy,train,great serve down the t is an ace
P00000222,V008.mp4_11036_11441.avi.npy,train,fine serve np hits a fast ls return long rally np rs down the line lands long
P00000223,V008.mp4_12313_12506.avi.npy,train,quick serve np delivers a ls return rally np hits a rs down the line but it's long
P00000224,V008.mp4_13305_13411.avi.npy,train,fp serves a good one np smashes a ls return winner down the line
P00000225,V008.mp4_14263_14564.avi.npy,train,good serve np crafts a ls return rally np rushes to net quickly but misses a ls volley
P00000226,V008.mp4_15044_15287.avi.npy,train,good serve down the t np manages a ls return but fp hits a ls winner down the line
P00000227,V008.mp4_18299_18492.avi.npy,train,fp hits a good serve np hits a ls return short rally np hits a ls into the net in the middle
P00000228,V008.mp4_19401_19888.avi.npy,train,fp serves a good one np delivers a ls return good rally fp hits a rs cross-court but it lands wide of the court
P00000229,V008.mp4_20313_20433.avi.npy,train,great serve down the t is an ace
P00000230,V008.mp4_21181_21341.avi.npy,train,fp serves a good one np ls return fails to make it over the net
P00000231,V008.mp4_21707_21807.avi.npy,train,cannon serve is an ace
P00000232,V008.mp4_22732_23004.avi.npy,train,good serve in the middle fp crafts a ls return short rally fp cross-court ls fails to land inside the court
P00000233,V008.mp4_23390_23656.avi.npy,train,np aims a serve down the t fp crafts a ls return couple of shots exchanged fp cross-court rs lands out-side the court
P00000234,V008.mp4_24341_24469.avi.npy,train,good serve in the middle fp returns a rs return np over-cooks a ls down the line
P00000235,V008.mp4_25204_25355.avi.npy,train,double fault
P00000236,V008.mp4_25836_25980.avi.npy,train,np serves a good one fp crafts a rs return np rs fails to clear the net in the middle
P00000237,V008.mp4_26340_26576.avi.npy,train,np serves fp returns a ls return np ls fails to clear the net in the middle
P00000238,V008.mp4_29534_29632.avi.npy,train,good serve fp fails to put it back
P00000239,V008.mp4_30421_30507.avi.npy,train,gigantic serve in the middle is an ace
P00000240,V008.mp4_31002_31091.avi.npy,train,mighty serve is an ace
P00000241,V008.mp4_31584_31692.avi.npy,train,cannon serve is an ace
P00000242,V008.mp4_32316_32495.avi.npy,train,fine serve np is unable to return it
P00000243,V008.mp4_33129_33314.avi.npy,train,fp aims a high kick serve np works a ls return rally np sends a ls into the net
P00000244,V008.mp4_33724_33978.avi.npy,train,good serve in the middle np returns a quick rs return short rally np struggles to keep a cross-court ls in the court
P00000245,V008.mp4_34677_34879.avi.npy,train,fp goes for a out-wide serve np returns a ls return couple of shots exchanged np hits a rs cross-court winner
P00000246,V008.mp4_35403_35631.avi.npy,train,fp serves a good one np works a rs return rally np flashes a rs cross-court winner
P00000247,V008.mp4_36182_36427.avi.npy,train,good serve in the middle np works a ls return short rally np whips a rs cross-court winner
P00000248,V008.mp4_36983_37282.avi.npy,train,fine serve np crafts a ls return rally np cracks a ls winner down the line
P00000249,V008.mp4_38147_38275.avi.npy,train,fp aims a high kick serve ls return from np finds the net
P00000250,V008.mp4_39002_39180.avi.npy,train,fp serves a short angled slice serve np shoots a rs return winner
P00000251,V008.mp4_39922_40247.avi.npy,train,fp aims a high kick serve np returns a quick ls return rally np hits a rs winner down the line
P00000252,V008.mp4_44213_44404.avi.npy,train,fine serve np delivers a ls return fp flashes a ls cross-court winner
P00000253,V008.mp4_44751_45021.avi.npy,train,heavy serve aimed at t np crafts a rs return couple of shots exchanged fp hits a rs down the line but misses the court
P00000254,V008.mp4_47108_47288.avi.npy,train,good serve in the middle np returns a ls return fp cross-court rs catches the net
P00000255,V008.mp4_47696_48048.avi.npy,train,fine serve np delivers a rs return brief rally fp hits a cross-court which lands long
P00000256,V008.mp4_48838_49059.avi.npy,train,fp serves a good one np crafts a ls return np rs flies outside the court
P00000257,V008.mp4_49726_49810.avi.npy,train,cannon serve is an ace
P00000258,V008.mp4_50264_50396.avi.npy,train,slice serve np fails to put it back into the court
P00000259,V008.mp4_50809_50902.avi.npy,train,fp aims a serve at the t and it's an ace
P00000260,V008.mp4_52035_52376.avi.npy,val,good serve in the middle np returns a ls return short rally np hits a cross-court rs winner
P00000261,V008.mp4_53074_53295.avi.npy,val,good serve in the middle np crafts a ls return short rally np hits a cross-court ls into the net
P00000262,V008.mp4_53999_54158.avi.npy,val,quick serve np works a rs return fp hits a ls long
P00000263,V008.mp4_55375_55588.avi.npy,val,double fault
P00000264,V008.mp4_56267_56676.avi.npy,val,quick serve down the t np hits a ls return good rally fp hits a cross-court ls winner
P00000265,V008.mp4_57253_57506.avi.npy,val,good serve np crafts a ls return short rally np hits a ls winner
P00000266,V008.mp4_58297_58396.avi.npy,test,massive serve is an ace
P00000267,V008.mp4_58964_59108.avi.npy,test,np aims a fine serve at t fp ls return lands long
P00000268,V008.mp4_59867_60039.avi.npy,test,np serves a sharp angled slice serve fp delivers a ls return np hits a ls cross-court winner
P00000269,V008.mp4_60505_60646.avi.npy,test,monumental serve is an ace
P00000270,V008.mp4_63689_63902.avi.npy,test,double fault
P00000271,V008.mp4_64570_64743.avi.npy,test,np aims a high kick serve fp delivers a rs return rally fp fails to keep a cross-court rs in the play
P00000272,V008.mp4_65118_65333.avi.npy,test,good serve in the middle fp returns a rs return np rs down the line lands out-side the court
P00000273,V008.mp4_66109_66270.avi.npy,test,np aims a bodyline serve fp returns a quick ls return np ls doesn't clear the net
P00000274,V008.mp4_67071_67365.avi.npy,test,np serves a good one fp returns a rs return short rally np hits a rs winner down the line
P00000275,V008.mp4_67793_68119.avi.npy,test,good serve in the middle fp delivers a rs return short rally fp pulls a rs wide of the court
P00000276,V008.mp4_68992_69256.avi.npy,test,fine serve fp works a ls return rally fp whips a ls cross-court winner
P00000277,V008.mp4_70034_70301.avi.npy,test,quick serve fp returns a rs return couple of shots exchanged fp blasts a ls winner down the line
P00000278,V008.mp4_71251_71530.avi.npy,test,fp serves a good one np returns a quick ls return good rally fp rs fails to land inside the court
P00000279,V008.mp4_71943_72143.avi.npy,test,good serve in the corner np returns a ls return fp hits a ls cross-court winner
P00000280,V008.mp4_72619_72823.avi.npy,test,acute angled slice serve np puts back a rs return fp produces a rs cross-court winner
P00000281,V008.mp4_73319_73446.avi.npy,test,gigantic serve down the t is an ace
P00000282,V008.mp4_73876_73979.avi.npy,test,fast serve np only manages to touch it
P00000283,V008.mp4_76466_76934.avi.npy,test,good serve in the middle np returns a quick ls return good rally fp ls doesn't make it over the net
P00000284,V008.mp4_77423_77772.avi.npy,test,fine serve np returns a ls return rally fp ls miss-hit doesn't land in the court
P00000285,V008.mp4_78346_78459.avi.npy,test,fp hits a slice serve np hammers a rs return winner cross-court
P00000286,V008.mp4_78943_79186.avi.npy,test,fp serves a good one np works a ls return fp sends a rs into the net
P00000287,V009.mp4_5908_6019.avi.npy,train,good bodyline serve np miss-hits the return which doesn't make it over the net
P00000288,V009.mp4_6465_7360.avi.npy,train,quick serve np returns a slice ls return huge rally fp whips a ls cross-court winner
P00000289,V009.mp4_8392_8842.avi.npy,train,high kick serve np returns a quick ls return long rally np ls slice goes straight into the net
P00000290,V009.mp4_9463_9834.avi.npy,train,fine serve np works a rs return brief rally np smacks a rs winner down the line
P00000291,V009.mp4_10488_10702.avi.npy,train,fp aims a fine serve at t np ls slice return a few shots np ls hits the net in the middle
P00000292,V009.mp4_11878_11972.avi.npy,train,good serve out wide np stretching rs return doesn't make it over the net
P00000293,V009.mp4_12315_12416.avi.npy,train,monumental serve in the corner is an ace
P00000294,V009.mp4_12952_13136.avi.npy,train,fp produces good wide serve np just manages a rs return a few shots exchanged np ls hits the net
P00000295,V009.mp4_13672_13772.avi.npy,train,double fault
P00000296,V009.mp4_14134_14238.avi.npy,train,fp arrows a good out wide np is unable to return it over the net
P00000297,V009.mp4_15211_15563.avi.npy,train,quick serve fp returns a quick ls return couple of shots exchanged fp strokes a ls cross-court winner at net
P00000298,V009.mp4_16568_16735.avi.npy,train,np arrows a bodyline serve fp puts back a rs return coming to net np struggles to keep a cross-court rs in a rally
P00000299,V009.mp4_17348_17512.avi.npy,train,np hits a flat serve at t fp rs return lands long
P00000300,V009.mp4_17990_18139.avi.npy,train,np hits a serve out wide fp has no answer to it
P00000301,V009.mp4_18951_19183.avi.npy,train,quick serve fp returns a rs return couple of shots exchanged np rs goes outside the court
P00000302,V009.mp4_20059_20178.avi.npy,train,bodyline serve fp slice rs return lands long
P00000303,V009.mp4_20680_20821.avi.npy,train,np arrows a bodyline serve fp struggles with it
P00000304,V009.mp4_21571_21697.avi.npy,train,np serves a heavy serve out wide it's an ace
P00000305,V009.mp4_24545_24803.avi.npy,train,quick serve fp crafts a rs return couple of shots exchanged fp blasts a ls winner cross-court
P00000306,V009.mp4_25252_26030.avi.npy,train,np aims a high kick serve at the t fp crafts a ls return extended rally fp rs lob lands long of the court
P00000307,V009.mp4_26460_26548.avi.npy,train,np hits a flat serve at t it's an ace
P00000308,V009.mp4_27045_27147.avi.npy,train,np hits a bodyline serve fp rs return just lands wide
P00000309,V009.mp4_27481_27635.avi.npy,train,quick serve fp hammers a ls return np unable to get it back
P00000310,V009.mp4_28285_28655.avi.npy,train,good serve out wide fp crafts a rs return good rally fp ls lands just wide of the court
P00000311,V009.mp4_29640_29963.avi.npy,train,fine serve np works a ls slice return intense rally np rs is unable to clear the net
P00000312,V009.mp4_30433_30632.avi.npy,train,quick serve np returns a rs return fp hits a rs straight into the net
P00000313,V009.mp4_31581_31835.avi.npy,train,fine serve placed at t np returns a ls slice return short rally np nets a rs down the line
P00000314,V009.mp4_32383_32690.avi.npy,train,fine serve np puts back a ls return intense rally fp rushes to net and punches a ls volley winner
P00000315,V009.mp4_33552_33739.avi.npy,train,fp hits a flat serve at t np ls slice return a few shots exchange np rs down the line lands long
P00000316,V009.mp4_36161_36396.avi.npy,train,good serve sent at t np delivers a ls return brief rally fp miss-hits a ls and fails to clear the net
P00000317,V009.mp4_36740_36901.avi.npy,train,quick serve np returns a quick ls return fp sprays a ls outside the court
P00000318,V009.mp4_37320_37446.avi.npy,train,good slice serve np ls return lands long of the court
P00000319,V009.mp4_37824_37976.avi.npy,train,good serve np just manages a ls return fp comes to net a smashes a ls winner
P00000320,V009.mp4_38461_38566.avi.npy,train,slice serve np fails to put it back
P00000321,V009.mp4_39390_39729.avi.npy,train,quick serve np returns a rs return couple of shots exchanged fp flashes a ls cross-court winner
P00000322,V009.mp4_41107_42024.avi.npy,train,np aims a high kick serve fp works a ls return extended rally np cross-court ls is not able to clear the net
P00000323,V009.mp4_43011_43528.avi.npy,train,fine serve placed at t fp returns a quick ls return testing rally np comes in quickly and volleys a rs winner
P00000324,V009.mp4_45060_45206.avi.npy,train,np hits a bodyline serve fp has no answer to it
P00000325,V009.mp4_45674_45835.avi.npy,train,np produces a bodyline serve fp is unable to return it over the net
P00000326,V009.mp4_46561_46692.avi.npy,train,double fault
P00000327,V009.mp4_47257_47361.avi.npy,train,mighty serve down the t is an ace
P00000328,V009.mp4_49848_50216.avi.npy,train,quick serve fp returns a ls return couple of shots exchanged np goes for a rs down the line but misses the target
P00000329,V009.mp4_50599_50708.avi.npy,train,good serve aimed at t is an ace
P00000330,V009.mp4_51016_51174.avi.npy,train,heavy serve aimed out wide fp delivers a ls return np cross-court ls is not able to clear the net
P00000331,V009.mp4_51877_52242.avi.npy,train,np serves a high kick serve down the t fp works a ls return intense rally np moves closer to net goes for a ls volley but struggles to execute it properly
P00000332,V009.mp4_53432_54018.avi.npy,train,np aims a high kick serve fp returns a quick rs return extended rally fp cross-court ls lands wide of the court
P00000333,V009.mp4_55289_55488.avi.npy,train,fine serve placed out wide fp returns a rs return short rally np cross-court ls lands at the net
P00000334,V009.mp4_56843_57390.avi.npy,train,fp serves a high kick serve np delivers a ls return intense rally np sends a ls cross-court out of the court
P00000335,V009.mp4_58017_58236.avi.npy,train,quick serve np crafts a ls return fp digs in a rs winner down the line
P00000336,V009.mp4_58769_59020.avi.npy,train,fp serves a good one np works a ls return brief rally np puts a rs into the net
P00000337,V009.mp4_59513_59654.avi.npy,train,good serve out wide np returns a ls return fp strokes a ls cross-court winner
P00000338,V009.mp4_62635_62966.avi.npy,train,fine serve np delivers a rs return brief rally np ls slice lands wide of the court
P00000339,V009.mp4_63303_63655.avi.npy,train,quick serve np returns a quick rs return good rally fp dumps a rs volley into the net
P00000340,V009.mp4_64105_64187.avi.npy,train,fast serve down t is an ace
P00000341,V009.mp4_64500_64885.avi.npy,train,good serve in the middle np crafts a ls return short rally np produces a rs cross-court winner
P00000342,V009.mp4_66044_66469.avi.npy,train,good serve in the middle np crafts a ls return good rally np rs cross-court lands long
P00000343,V009.mp4_67090_67379.avi.npy,train,quick serve np returns a ls return brief rally fp charges towards the net and hits a rs volley winner
P00000344,V009.mp4_68753_69067.avi.npy,train,good serve sent at t np delivers a ls return well contensted rally fp moves upto the net and places a rs volley winner
P00000345,V009.mp4_69893_70160.avi.npy,train,fine serve np puts back a ls return brief rally np rs goes outside the court
P00000346,V009.mp4_70756_70961.avi.npy,train,quick serve np crafts a ls return couple of shots exchanged np produces a ls winner down the line
P00000347,V009.mp4_71541_71790.avi.npy,train,fp serves a good one np works a ls return short rally np hits a ls winner down the line
P00000348,V009.mp4_72746_72948.avi.npy,train,flat serve aimed at t np delivers a ls return short rally np cross-court ls catches the net
P00000349,V009.mp4_73492_73884.avi.npy,train,fine serve np delivers a ls return good rally fp rs goes into the the net
P00000350,V009.mp4_74620_74748.avi.npy,train,fp aims a fine bodyline np only manages a rs that hits the net
P00000351,V009.mp4_75228_75396.avi.npy,train,fp serves a good one np returns cross-court ls slice fp cross-court ls fails to make it over the net
P00000352,V009.mp4_76067_76291.avi.npy,train,good serve in the middle np crafts a ls return short rally fp ls fails to land inside the court
P00000353,V009.mp4_77013_77138.avi.npy,train,fp hits a fast serve out wide np has no answer to it
P00000354,V009.mp4_77720_77892.avi.npy,train,fp goes for a out-wide serve np works a rs return fp rs lands out-side the court
P00000355,V009.mp4_78526_79086.avi.npy,train,fp aims a high kick serve np crafts a ls return extended rally np ls slice goes straight into the net
P00000356,V009.mp4_79853_80041.avi.npy,train,fp hits a flat serve at t np ls return just lands wide
P00000357,V009.mp4_80840_81360.avi.npy,train,good serve in the middle np returns a ls return long rally fp produces a rs cross-court winner
P00000358,V009.mp4_82256_82337.avi.npy,train,flat serve down t is an ace
P00000359,V009.mp4_82640_82997.avi.npy,train,good serve out wide fp returns a cross-court rs brief rally fp misses a ls volley at net
P00000360,V009.mp4_83344_83425.avi.npy,train,np hits a flat serve at t it's an ace
P00000361,V009.mp4_83932_84186.avi.npy,train,np hits a good serve out wide fp returns a good rs return short rally fp misses a ls lob down the line
P00000362,V009.mp4_87178_87292.avi.npy,train,np aims a bodyline serve fp rs return is wide
P00000363,V009.mp4_87737_88054.avi.npy,train,np serves a good one fp puts back a rs return good rally np hits a ls cross-court but it lands long
P00000364,V009.mp4_88538_88709.avi.npy,train,np arrows a bodyline serve fp struggles with it
P00000365,V009.mp4_89217_89287.avi.npy,train,great serve down the t is an ace
P00000366,V009.mp4_90207_90391.avi.npy,train,quick serve fp returns a rs return np produces a ls winner down the line
P00000367,V009.mp4_90942_91134.avi.npy,train,fp serves a good one np delivers a rs return fp sends a ls out of the court
P00000368,V009.mp4_91495_91930.avi.npy,train,good serve in the middle np returns a quick ls return good rally np comes to net and hits a ls volley winner
P00000369,V009.mp4_92512_92633.avi.npy,train,fast serve down t np ls slice fails to land in the court
P00000370,V009.mp4_92992_93090.avi.npy,train,great serve in the corner is an ace
P00000371,V009.mp4_94156_94474.avi.npy,train,fp serves in the middle np manages a rs return good rally np blasts a rs winner cross-court
P00000372,V009.mp4_95056_95177.avi.npy,train,wide serve catches the line and is an ace
P00000373,V009.mp4_95607_95764.avi.npy,train,good serve down t np crafts a ls slice return fp slams a ls winner down the line
P00000374,V009.mp4_96207_96461.avi.npy,train,fine serve placed at t np works a rs return couple of shots exchanged fp cross-court rs lands just wide
P00000375,V009.mp4_96892_97031.avi.npy,train,good serve out wide np just manages a rs return fp hits a rs cross-court winner
P00000376,V009.mp4_97572_97751.avi.npy,train,good serve out wide np crafts a ls return fp diving rs volley is a miss-hit
P00000377,V009.mp4_98353_98475.avi.npy,train,fine serve at t np ls return lands long
P00000378,V009.mp4_98816_98983.avi.npy,train,good serve in the middle np crafts a ls return fp cross-court ls fails to land inside the court
P00000379,V009.mp4_99704_99897.avi.npy,train,fine serve np works a ls return brief rally np rs down the line just lands long
P00000380,V009.mp4_100566_100712.avi.npy,train,quick serve np returns a ls return fp rs lands at the net in the middle
P00000381,V009.mp4_101171_101289.avi.npy,train,good serve aimed at t np only reaches to it
P00000382,V009.mp4_101719_101829.avi.npy,train,fp hits a flat serve at t np struggles to put it back
P00000383,V009.mp4_104933_105132.avi.npy,train,fine serve np puts back a ls return brief rally np cross-court rs finds the net in the middle
P00000384,V009.mp4_105574_105748.avi.npy,train,good serve np fails to get it back
P00000385,V009.mp4_106173_106429.avi.npy,train,fp serves a good one np works a ls return short rally fp hits a ls but fails to clear the net
P00000386,V009.mp4_106991_107389.avi.npy,train,good serve in the middle np returns a ls return good rally fp cross-court ls finds the net in the middle
P00000387,V009.mp4_108517_108760.avi.npy,train,fine serve np delivers a ls return fp rs flies outside the court
P00000388,V009.mp4_110022_110204.avi.npy,train,fp aims a fine serve wide np just manages a ls slice return fp comes to net and hits a ls winner
P00000389,V009.mp4_110836_111339.avi.npy,train,fp serves a good one np puts back a ls return good rally np sends a rs cross-court into the net
P00000390,V009.mp4_112283_112516.avi.npy,train,fp hits a in the middle np hits a ls return short rally fp comes to net and hits a rs volley winner
P00000391,V009.mp4_113264_113344.avi.npy,train,fine serve down the t is an ace
P00000392,V009.mp4_113604_113709.avi.npy,train,fast serve down the t fp return flies into net
P00000393,V009.mp4_113946_114075.avi.npy,train,bodyline serve fp ls return np rushes to net and smashes a rs winner
P00000394,V009.mp4_114408_114630.avi.npy,train,high kick serve fp returns a rs return short rally np comes to net attempts a rs smash but it hits the net
P00000395,V009.mp4_115027_115127.avi.npy,train,fine serve fp is unable to return it
P00000396,V009.mp4_118074_118218.avi.npy,train,heavy serve aimed at t fp is unable to return it
P00000397,V009.mp4_118582_118733.avi.npy,train,fast serve fp rs return lands out
P00000398,V009.mp4_119090_119595.avi.npy,train,good serve in the middle fp returns a ls return good rally np goes for a rs down the line but misses the target
P00000399,V009.mp4_120381_120493.avi.npy,train,massive serve down the t is an ace
P00000400,V009.mp4_120858_121015.avi.npy,train,np hits a good serve fp struggles with it
P00000401,V009.mp4_121656_121755.avi.npy,train,quick serve is an ace
P00000402,V009.mp4_122018_122115.avi.npy,train,fp arrows a wide serve np struggles with it
P00000403,V009.mp4_122477_122578.avi.npy,train,fp hits a fast serve in the middle np ls lands out
P00000404,V009.mp4_123458_123624.avi.npy,train,quick serve np returns a rs return fp pulls a ls cross-court wide of the court
P00000405,V009.mp4_124099_124492.avi.npy,train,fp serves a good one np delivers a ls return well contensted rally fp comes to net attempts a ls volley but fails to make it over the net
P00000406,V009.mp4_125059_125220.avi.npy,train,good serve in the middle np returns a quick rs return short rally fp miss-hits a ls and it lands out
P00000407,V009.mp4_125940_126094.avi.npy,train,fine serve np puts back a ls return fp sprays a ls into the net
P00000408,V009.mp4_126605_126774.avi.npy,train,heavy serve aimed at t np crafts a rs return fp blasts a ls winner down the line
P00000409,V009.mp4_127250_127399.avi.npy,train,good serve aimed at t np only reaches to it
P00000410,V009.mp4_127988_128257.avi.npy,train,good serve in the middle np returns a ls return short rally fp pulls a ls cross-court into the net
P00000411,V009.mp4_129113_129196.avi.npy,train,quick serve down the t is an ace
P00000412,V009.mp4_129596_129677.avi.npy,train,short angled serve np only manages to touch it
P00000413,V009.mp4_132461_132832.avi.npy,train,fp serves a good one np puts back a ls return good rally np struggles to keep a cross-court rs in a rally
P00000414,V009.mp4_133573_133702.avi.npy,train,double fault
P00000415,V009.mp4_134314_134463.avi.npy,train,fast serve np is unable to return it
P00000416,V009.mp4_135126_135267.avi.npy,train,fp produces a bodyline serve np is unable to return it
P00000417,V009.mp4_135735_135888.avi.npy,train,good serve down t np ls return lands long of the court
P00000418,V009.mp4_136583_136718.avi.npy,train,good serve fp hits a shallow rs return np comes to net and hits a rs winner
P00000419,V009.mp4_137358_137424.avi.npy,train,np hits a bodyline serve fp has no answer to it
P00000420,V009.mp4_137771_137872.avi.npy,train,np aims a fine serve at t fp rs return doesn't make it over the net
P00000421,V009.mp4_138485_138589.avi.npy,train,good serve fp miss-hits into the net
P00000422,V009.mp4_141355_141551.avi.npy,train,np hits a flat in the middle fp hits a good ls return np ls goes long
P00000423,V009.mp4_141996_142148.avi.npy,train,fine serve fp delivers a rs return but it lands wide
P00000424,V009.mp4_142927_143254.avi.npy,train,quick serve fp returns a quick rs return short rally fp ls drop-shot is a winner
P00000425,V009.mp4_143967_144120.avi.npy,train, huge serve guided wide fp puts back a rs return np flashes a rs cross-court winner
P00000426,V009.mp4_144827_144917.avi.npy,train,np hits a flat serve at t it's an ace
P00000427,V009.mp4_145376_145576.avi.npy,train,fine serve fp works a rs return brief rally fp cross-court rs lands at the net
P00000428,V009.mp4_146598_146755.avi.npy,train,good serve wide np crafts a rs return a few shots exchanged np rs hits the net in the middle
P00000429,V009.mp4_147682_147896.avi.npy,train,good bodyline serve fp manages a ls return np rushes to net fp hits a rs into the net
P00000430,V009.mp4_148529_149427.avi.npy,train,np serves down the t fp returns a rs return huge rally np hits a rs cross-court into the net
P00000431,V009.mp4_150415_150744.avi.npy,train,fp serves in the middle np hits a ls return short rally np rs lands wide
P00000432,V009.mp4_151230_151338.avi.npy,train,huge serve wide is an ace
P00000433,V009.mp4_152393_152656.avi.npy,train,np serves a bodyline serve fp manages a rs return brief rally fp rs hits the net
P00000434,V009.mp4_153908_154044.avi.npy,train,fp aims a good serve down the t np is unable to return it
P00000435,V009.mp4_155155_155359.avi.npy,train,good serve in the middle fp returns a rs return short rally np runs to the net crafts a rs volley but misses the target
P00000436,V009.mp4_156221_156746.avi.npy,train,good serve in the middle fp returns a rs return good rally np comes in quickly and volleys a ls winner
P00000437,V009.mp4_158021_158595.avi.npy,train,fp serves a high kick serve np delivers a ls return lengthy exchange between the players fp cross-court rs fails to land inside the court
P00000438,V009.mp4_159525_159882.avi.npy,train,quick serve np returns a quick ls return good rally np fails to keep a cross-court rs in the play
P00000439,V009.mp4_160654_160778.avi.npy,train,mighty serve is an ace
P00000440,V009.mp4_164664_164816.avi.npy,train,np hits a flat serve at t fp struggles to put it back
P00000441,V009.mp4_165254_165392.avi.npy,train,np arrows a good serve at t fp is unable to return it
P00000442,V009.mp4_165758_165959.avi.npy,train,flat serve aimed at t fp delivers a rs return np comes to net and slaps a ls cross-court winner
P00000443,V009.mp4_166671_166774.avi.npy,train,double fault
P00000444,V009.mp4_167109_167452.avi.npy,train,fine serve placed at t fp crafts a rs return short rally fp cross-court rs lands at the net
P00000445,V009.mp4_168631_168859.avi.npy,train,fine serve fp puts back a rs return brief rally fp strokes a ls lob cross-court winner
P00000446,V009.mp4_169279_169372.avi.npy,train,slice serve fp fails to put it back
P00000447,V009.mp4_169716_169911.avi.npy,train,quick serve pointed out wide fp delivers a ls return np hits a ls long out of court
P00000448,V009.mp4_170548_170865.avi.npy,train,good serve in the middle fp returns a rs return good rally np ls cross-court hit goes out of court
P00000449,V009.mp4_171370_171583.avi.npy,train,good serve sent at t fp crafts a rs return brief rally fp cracks a rs down the line but it's wide
P00000450,V009.mp4_172283_172451.avi.npy,train,quick serve fp returns a ls return np strokes a rs cross-court winner
P00000451,V009.mp4_173642_173830.avi.npy,train,np aims a high kick serve fp returns a rs return a few shots exchanged fp cross-court rs catches the net
P00000452,V009.mp4_174246_174412.avi.npy,train,np arrows a bodyline serve fp struggles with it
P00000453,V009.mp4_175626_175810.avi.npy,train,quick out-wide down the t np stretches to return a ls fp comes to net and slams a ls winner
P00000454,V009.mp4_176606_177097.avi.npy,train,quick serve np returns a ls return long rally fp ls finds the net
P00000455,V009.mp4_178155_178432.avi.npy,train,fp serves a good one np delivers a ls return good rally fp reaches to the net and places a ls volley winner
P00000456,V009.mp4_179152_179287.avi.npy,train,fp arrows a good serve in the corner np ls slice hits the net
P00000457,V009.mp4_179961_180159.avi.npy,train,huge serve guided at t np puts back a ls return a few shots exchanged np rushes to net and hits a rs smash winner
P00000458,V009.mp4_181545_181984.avi.npy,train,quick serve np crafts a ls return good rally fp pulls ls into the net
P00000459,V009.mp4_182800_182942.avi.npy,train,good serve down the t np return doesn't make it over the net
P00000460,V009.mp4_183689_184053.avi.npy,train,fp arrows a bodyline serve np returns a cross-court ls slice good rally np cross-court ls lands just wide
P00000461,V009.mp4_186847_187135.avi.npy,train,fine bodyline serve np manages a ls return brief rally np hits a rs lob which doesn't make it over the net
P00000462,V009.mp4_187597_187689.avi.npy,train,fast wide serve np is unable to return it
P00000463,V009.mp4_188335_188570.avi.npy,train,bodyline serve np crafts a ls return a few shots exchanged np rs cross-court lands just long
P00000464,V009.mp4_188839_188986.avi.npy,train,good serve in the middle np crafts a ls return fp pulls a ls cross-court volley into the net
P00000465,V009.mp4_189620_189767.avi.npy,train,fp arrows a good serve at t np ls return just lands long
P00000466,V009.mp4_190907_191246.avi.npy,train,flat serve aimed at t fp returns a rs return hard fought rally fp charges towards the net and hits a rs volley winner
P00000467,V009.mp4_191917_192049.avi.npy,train,np serves a heavy ace
P00000468,V009.mp4_192602_192750.avi.npy,train,np arrows a good serve in the middle fp struggles with it
P00000469,V009.mp4_193131_193321.avi.npy,train,fine serve fp puts back a rs return np rs goes outside the court
P00000470,V009.mp4_193915_194186.avi.npy,train,quick serve fp crafts a rs return couple of shots exchanged fp sends a ls outside the court
P00000471,V009.mp4_194760_194962.avi.npy,train,np serves a good one fp works a rs return fp over-cooks a ls slice which lands long
P00000472,V009.mp4_197777_198228.avi.npy,train,good serve fp returns a rs return long rally np comes to net and slaps a ls winner down the line
P00000473,V009.mp4_199274_199389.avi.npy,train,np arrows a good bodyline serve fp is unable to return it
P00000474,V009.mp4_199962_200043.avi.npy,train,fine serve fp returns a quick ls return winner
P00000475,V009.mp4_200542_200693.avi.npy,train,np aims a high kick serve fp returns a quick ls return a few shots exchanged fp produces a rs winner down the line
P00000476,V009.mp4_201205_201327.avi.npy,train,good serve fp fails to put it back
P00000477,V009.mp4_201899_202080.avi.npy,train,np aims a bodyline serve fp delivers a rs return np slaps a rs winner down the line
P00000478,V009.mp4_202968_203119.avi.npy,train,fp aims a fine serve at t np only manages to touch it
P00000479,V009.mp4_203489_203921.avi.npy,train,fp serves a good one np delivers a ls return good rally np runs to the net and places a rs smash winner
P00000480,V009.mp4_204694_204945.avi.npy,train,good serve in the middle np returns a quick ls return short rally np produces a ls winner down the line
P00000481,V009.mp4_205575_205722.avi.npy,train,fp hits a bodyline serve np has no answer to it
P00000482,V009.mp4_206313_206560.avi.npy,train,quick serve np crafts a ls return couple of shots exchanged np hits a rs but fails to clear the net
P00000483,V009.mp4_207098_207425.avi.npy,train,fp serves a good one np works a ls return good rally fp nets a ls
P00000484,V009.mp4_208445_208904.avi.npy,train,good serve in the middle np returns a rs return long rally fp produces a ls cross-court winner
P00000485,V009.mp4_209733_210050.avi.npy,train,fine serve np delivers a rs return brief rally fp cross-court ls goes into the the net
P00000486,V009.mp4_211339_211769.avi.npy,train,quick serve np returns a ls return good rally fp cross-court ls fails to clear the net in the middle
P00000487,V009.mp4_212587_213203.avi.npy,train,fp serves a good bodyline serve np manages a ls return long rally fp slams a ls winner down the line
P00000488,V009.mp4_214112_214257.avi.npy,train,fp arrows a serve down the t np struggles to return it over the net
P00000489,V009.mp4_215192_215422.avi.npy,train,fp hits a bodyline serve np hits a ls return brief rally np ls hits the net in the middle
P00000490,V009.mp4_218021_218125.avi.npy,train,fp aims a fine serve at t it's an ace
P00000491,V009.mp4_218629_218784.avi.npy,train,good serve np hits a ls return fp hits a ls winner down the line
P00000492,V009.mp4_219387_219489.avi.npy,train,good serve np fails to put it back over the net
P00000493,V009.mp4_219772_219956.avi.npy,train,fp arrows a good serve in the middle np manages a ls return fp hits a ls winner cross-court
P00000494,V009.mp4_220941_221216.avi.npy,train,heavy bodyline serve fp crafts a rs return couple of shots exchanged np produces a rs cross-court winner at net
P00000495,V009.mp4_222109_222323.avi.npy,train,np serves a good one fp works a rs return short rally np hits a rs winner down the line
P00000496,V009.mp4_223262_223460.avi.npy,train,good serve in the middle fp crafts a ls return a few shots exchanged np rs cross-court lands long
P00000497,V009.mp4_224404_224697.avi.npy,train,quick serve fp returns a quick rs return couple of shots exchanged fp nets a ls
P00000498,V009.mp4_225584_225821.avi.npy,train,np serves a good one fp puts back a rs return a few shots exchanged np struggles to keep a cross-court rs in the court
P00000499,V009.mp4_226678_226909.avi.npy,train,heavy serve aimed at t fp returns a quick ls return short rally np pulls a ls cross-court wide of the court
P00000500,V009.mp4_227958_228127.avi.npy,train,np serves in the middle fp returns a rs return np fails to keep a rs in the play
P00000501,V009.mp4_228874_229156.avi.npy,train,quick serve fp returns a rs return couple of shots exchanged np surges towards the net and hits a smash winner
P00000502,V009.mp4_229866_230014.avi.npy,train,good serve aimed at t fp miss-hits a rs wide of the court
P00000503,V009.mp4_230520_230645.avi.npy,train,np serves an ace in the corner
P00000504,V009.mp4_233313_233418.avi.npy,train,fine serve fp is unable to return it over the net
P00000505,V009.mp4_233712_233845.avi.npy,train,np aims a fine serve out wide fp reaches for a rs return np comes to net and slams a rs winner
P00000506,V009.mp4_234186_234296.avi.npy,train,slice serve fp is unable to return it
P00000507,V009.mp4_234666_234733.avi.npy,train,np serves an ace wide
P00000508,V009.mp4_235833_236003.avi.npy,train,fp arrows a good serve at t np just manages a ls return fp slams a ls winner
P00000509,V009.mp4_236465_236639.avi.npy,train,fp produces a good serve in the corner np just manages a ls return fp slams a rs winner down the line
P00000510,V009.mp4_238254_238448.avi.npy,train,good serve in the middle np returns a ls return np cross-court ls catches the net
P00000511,V009.mp4_239224_239415.avi.npy,train,good serve in the middle np crafts a ls return fp sends a ls cross-court wide of the court
P00000512,V009.mp4_240001_240492.avi.npy,train,fp serves a high kick serve np works a ls return intense rally np fails to keep a cross-court ls in the play
P00000513,V009.mp4_243236_243357.avi.npy,train,nice serve by fp np faces difficulty in returning it
P00000514,V009.mp4_243940_244154.avi.npy,train,fine serve placed out wide np returns a ls return short rally fp strokes a rs cross-court winner
P00000515,V009.mp4_244748_244891.avi.npy,train,fine serve np puts back a rs return fp produces a rs cross-court winner
P00000516,V009.mp4_245537_245755.avi.npy,train,heavy serve aimed at t np works a rs return couple of shots exchanged fp hits a rs drop-shot winner
P00000517,V009.mp4_247165_247310.avi.npy,train,good serve aimed in the middle fp miss-hits into the net
P00000518,V009.mp4_248001_248330.avi.npy,train,fine serve fp delivers a rs return brief rally fp attempts a ls cross-court but it lands wide
P00000519,V009.mp4_249063_249220.avi.npy,train,np aims a fine serve at t fp only manages to touch it
P00000520,V009.mp4_249638_249828.avi.npy,train,np serves a good one fp puts back a rs return np cross-court rs finds the net
P00000521,V009.mp4_250454_250555.avi.npy,train,monumental serve is an ace
P00000522,V009.mp4_253242_253508.avi.npy,train,fine serve fp works a rs return brief rally np cross-court rs lands out-side the court
P00000523,V009.mp4_254094_254415.avi.npy,train,quick serve fp returns a rs return hard fought rally fp comes in quickly tries a rs volley but fails to land it in the court
P00000524,V009.mp4_254906_255045.avi.npy,train,good serve aimed at t fp only reaches to it
P00000525,V009.mp4_255369_255469.avi.npy,train,np hits a flat serve at t it's an ace
P00000526,V009.mp4_255832_256021.avi.npy,train,fine serve fp puts back a rs return brief rally np comes in quickly tries a rs volley but fails to clear the net
P00000527,V009.mp4_256961_257213.avi.npy,train,np serves a good one fp works a rs return good rally fp cross-court rs lands at the net
P00000528,V009.mp4_258226_258562.avi.npy,train,good serve in the middle np returns a ls return good rally fp ls goes outside the court
P00000529,V009.mp4_259476_259677.avi.npy,train,fine serve np delivers a ls return a couple of shots exchanged np sends a rs cross-court out of the court
P00000530,V009.mp4_260954_261185.avi.npy,train,quick serve np returns a quick ls return couple of shots exchanged np blasts a rs winner down the line
P00000531,V009.mp4_261931_262354.avi.npy,train,fp serves a good one np puts back a ls return good rally fp hits a ls winner down the line
P00000532,V009.mp4_263590_263859.avi.npy,train,good serve in the middle np crafts a rs return brief rally fp sprays a ls outside the court
P00000533,V009.mp4_264820_265142.avi.npy,train,fp serves a high kick serve np delivers a ls return good rally np cross-court ls fails to clear the net
P00000534,V009.mp4_266134_266431.avi.npy,train,quick serve np returns a ls return good rally np cross-court rs slice lands out-side the court
P00000535,V009.mp4_267975_268111.avi.npy,train,bodyline serve np has no answer to it
P00000536,V009.mp4_270906_271438.avi.npy,train,good serve in the middle np returns a quick rs return long rally np rs is unable to clear the net
P00000537,V009.mp4_271792_272007.avi.npy,train,fine serve np puts back a ls return a few shots np struggles to keep a cross-court rs in a rally
P00000538,V009.mp4_272606_272817.avi.npy,train,fp produces a bodyline serve np delivers a ls return couple of shots exchanged np slaps a ls winner down the line
P00000539,V009.mp4_273310_273432.avi.npy,train,bodyline serve np has no answer to it
P00000540,V009.mp4_273756_273967.avi.npy,train,good wide serve np manages a rs return a few shots exchanged fp cross-court rs just lands wide
P00000541,V009.mp4_274375_274507.avi.npy,train,fast serve at t np is unable to return it
P00000542,V009.mp4_275806_276124.avi.npy,train,np serves a high kick serve fp delivers a rs return brief rally np cross-court rs fails to land inside the court
P00000543,V009.mp4_276895_277125.avi.npy,train,quick serve fp returns a quick rs return couple of shots exchanged np miss-hits a rs volley at net
P00000544,V009.mp4_278248_278551.avi.npy,train,np serves a good one fp puts back a rs return well contensted rally np moves upto the net and places a ls volley winner
P00000545,V009.mp4_279900_280048.avi.npy,train,np hits a flat serve at t fp struggles to put it back
P00000546,V009.mp4_280752_281270.avi.npy,train,fine serve fp works a ls return lengthy exchange between the players fp cross-court ls lands out-side the court
P00000547,V009.mp4_282241_282526.avi.npy,train,np arrows a wide serve fp returns a rs return couple of shots exchanged np hits a rs winner down the line
P00000548,V009.mp4_285231_285626.avi.npy,train,np serves a good one fp delivers a rs return good rally fp hits a ls winner down the line
P00000549,V009.mp4_286120_286281.avi.npy,train,np aims a wide serve fp returns a rs return np produces a rs cross-court winner at net
P00000550,V009.mp4_286761_286840.avi.npy,train,sizzling serve down the t is an ace
P00000551,V009.mp4_287475_287653.avi.npy,train,np goes for a out-wide serve fp crafts a rs return couple of shots exchanged fp cross-court rs is not able to clear the net
P00000552,V009.mp4_288101_288158.avi.npy,train,np serves a heavy ace
P00000553,V009.mp4_289569_289701.avi.npy,train,double fault
P00000554,V009.mp4_290281_290542.avi.npy,train,fp hits a good serve np hits a ls return a few shots exchanged np hits a rs long
P00000555,V009.mp4_291151_291324.avi.npy,train,good serve aimed at t np only reaches to it
P00000556,V009.mp4_292118_292257.avi.npy,train, double fault
P00000557,V009.mp4_293137_293511.avi.npy,train,fp goes for a serve down the t np crafts a ls return hard fought rally fp cross-court rs lands out-side the court
P00000558,V009.mp4_294400_294674.avi.npy,train,fp serves a good one np delivers a ls return good rally fp sends a ls cross-court out of the court
P00000559,V009.mp4_297365_297737.avi.npy,train,high kick serve np returns a ls return long rally fp struggles to keep a cross-court rs in the court
P00000560,V009.mp4_298509_299008.avi.npy,train,fine serve np puts back a ls return intense rally np flashes a rs cross-court winner
P00000561,V009.mp4_299579_299955.avi.npy,train,heavy serve aimed at t np works a ls return huge rally fp sends a ls into the net
P00000562,V009.mp4_300705_300819.avi.npy,train,fp aims a high kick serve np crafts a ls return fp cross-court rs clips the tape and lands out of play
P00000563,V009.mp4_302818_302967.avi.npy,train,np arrows a bodyline serve fp struggles with it
P00000564,V009.mp4_303455_303593.avi.npy,train,good serve down the t fp ls return hits the net
P00000565,V009.mp4_304036_304215.avi.npy,train,quick serve couple of shots exchanged np runs to net and hits a rs wide of the court
P00000566,V009.mp4_305549_305957.avi.npy,train,good serve aimed in the middle fp manages a rs slice return long rally fp rs slice lands out of court
P00000567,V009.mp4_306767_307024.avi.npy,train,np hits a flat serve at t fp hits a rs return brief rally fp ls down the line goes into the net
P00000568,V009.mp4_309587_309731.avi.npy,val,nice kick serve fp fails to return it
P00000569,V009.mp4_309975_310092.avi.npy,val,np aims a fine serve wide fp hits a rs return long
P00000570,V009.mp4_310354_310570.avi.npy,val,good serve fp manages a rs return a few shots exchanged np comes to net and hits a smash winner
P00000571,V009.mp4_311206_311358.avi.npy,val,good serve in the middle fp returns a rs return np hits a ls drop-shot winner
P00000572,V009.mp4_312359_312536.avi.npy,val,huge serve guided at t np puts back a ls return fp cracks a rs winner cross-court
P00000573,V009.mp4_313313_313553.avi.npy,val,nice kick serve np manages a ls return a few shots exchanged np rs lands long
P00000574,V009.mp4_314068_314561.avi.npy,val,fp serves a good one np works a ls return long rally np hits a ls straight into the net
P00000575,V009.mp4_315242_315432.avi.npy,val,good serve out wide np returns a ls return fp rs slice drop-shot fails to make it over the net
P00000576,V009.mp4_316147_316295.avi.npy,val,fine serve np rs return just lands long of the court
P00000577,V009.mp4_318970_319274.avi.npy,val,fp goes for a out-wide serve np crafts a rs return good rally fp struggles to keep a ls in play
P00000578,V009.mp4_320246_320369.avi.npy,val,good serve aimed at t np returns a rs return fp hits a ls cross-court but it lands wide
P00000579,V009.mp4_320988_321125.avi.npy,val,great serve out wide is an ace
P00000580,V009.mp4_321490_321624.avi.npy,val,fp arrows a good serve at t np is unable to return it
P00000581,V009.mp4_322097_322236.avi.npy,val,fp arrows a good serve at t np is unable to return it
P00000582,V009.mp4_322698_322824.avi.npy,val,fp hits a good serve in the corner np hits a ls into the net in the middle
P00000583,V009.mp4_324561_324673.avi.npy,val,good bodyline serve fp returns a ls into the net
P00000584,V009.mp4_325436_325613.avi.npy,val,good serve in the middle fp returns a rs return np slams a rs winner
P00000585,V009.mp4_326413_326705.avi.npy,val,good serve in the middle fp returns a rs return brief rally fp nets a ls on the run
P00000586,V009.mp4_327402_327567.avi.npy,val,np serves a good one in the corner fp manages a rs return np overcooks a rs long
P00000587,V009.mp4_328359_328685.avi.npy,val,good serve in the middle fp returns a rs return good rally fp overcooks a ls long
P00000588,V009.mp4_334916_335291.avi.npy,test,high kick serve fp returns a ls return long rally np overcooks a rs long
P00000589,V009.mp4_335659_335834.avi.npy,test,fast serve out wide fp is unable to return it in court
P00000590,V009.mp4_336141_336259.avi.npy,test,huge serve down the t fp only reaches to it
P00000591,V009.mp4_336600_336675.avi.npy,test,huge serve down the t is an ace
P00000592,V009.mp4_336996_337181.avi.npy,test,np serves a bodyline serve fp returns a ls short rally np rushes to net a volleys a ls winner
P00000593,V009.mp4_338254_338375.avi.npy,test,huge serve is an ace
P00000594,V009.mp4_338854_339471.avi.npy,test,fine serve np delivers a ls return massive rally np sends a rs cross-court out of the court
P00000595,V009.mp4_340219_340341.avi.npy,test,fp serves an ace down the t
P00000596,V009.mp4_340783_340979.avi.npy,test,fp serves a good one np puts back a ls return a couple of shots exchanged np hits a ls cross-court winner
P00000597,V009.mp4_341551_341686.avi.npy,test,fp hits a flat bodyline serve np struggles to put it back
P00000598,V009.mp4_344092_344203.avi.npy,test,fast serve down t np fails to control it
P00000599,V009.mp4_344506_344603.avi.npy,test,fp aims a fine serve wide np ls return doesn't make it over the net
P00000600,V009.mp4_344953_345195.avi.npy,test,fp serves a good one np delivers a ls return good rally fp hits a ls cross-court drop-shot winner
P00000601,V009.mp4_345696_345850.avi.npy,test,great serve in the corner np reaches for a ls return fp comes to net and hits a ls cross-court winner
P00000602,V009.mp4_347241_347481.avi.npy,test,fine serve fp puts back a rs return brief rally fp strokes a ls cross-court winner
P00000603,V009.mp4_348539_348801.avi.npy,test,quick serve fp crafts a ls return couple of shots exchanged np hits a ls into the net on the run
P00000604,V009.mp4_349734_350089.avi.npy,test,np serves a good one fp works a rs return good rally np fails to keep a cross-court ls in the play
P00000605,V009.mp4_351185_351600.avi.npy,test,high kick serve fp manages a rs slice down the line good rally fp rs cross-court lob lands wide of the court
P00000606,V009.mp4_352463_352649.avi.npy,test,good serve in the middle fp returns a rs np hits a rs winner
P00000607,V009.mp4_353406_353705.avi.npy,test,fine serve fp hits a rs return a couple of shots exchanged fp ls down the line fails to make it over the net
P00000608,V009.mp4_354476_354606.avi.npy,test,good serve in the middle fp is unable to return it in court
P00000609,V009.mp4_355325_355585.avi.npy,test,np serves in the middle fp crafts a rs return a few shots exchanged np hits a winner down the line
P00000610,V009.mp4_358128_358235.avi.npy,test,np arrows a good serve at t fp is unable to return it
P00000611,V009.mp4_358799_359003.avi.npy,test,np goes for a serve in the middle fp delivers a ls return couple of shots exchanged np ls hits the net
P00000612,V009.mp4_359682_359820.avi.npy,test,np serves a good one fp delivers a ls return np hits a rs down the line into the net
P00000613,V009.mp4_360434_360546.avi.npy,test,good serve fp fails to get it back
P00000614,V009.mp4_360999_361072.avi.npy,test,huge serve down t is an ace
P00000615,V009.mp4_361387_361630.avi.npy,test,quick serve out wide fp crafts a rs return couple of shots exchanged fp whips a ls cross-court winner
P00000616,V009.mp4_362361_362470.avi.npy,test,nice serve by np fp faces difficulty in returning it
P00000617,V009.mp4_362942_363111.avi.npy,test,flat serve aimed out wide fp works a rs return np rs lands out-side the court
P00000618,V009.mp4_363571_363690.avi.npy,test,fine serve fp is unable to return it
P00000619,V009.mp4_364426_364720.avi.npy,test,np aims a fine serve in the middle fp crafts a rs return short rally fp rs lob lands long
P00000620,V009.mp4_366528_366815.avi.npy,test,fp aims a high kick serve np returns a rs return good rally fp sends a ls slice out of the court
P00000621,V009.mp4_368157_368652.avi.npy,test,good serve in the middle np crafts a ls return long rally fp hits a rs long
P00000622,V009.mp4_369567_369675.avi.npy,test,quick serve is an ace
P00000623,V009.mp4_370361_370666.avi.npy,test,fp aims a fine serve out wide np manages a ls slice return cross-court a few shots exchanged np hits a rs long
P00000624,V009.mp4_371381_371747.avi.npy,test,good serve aimed in the middle np ls return good rally np ls down the line lands wide
P00000625,V009.mp4_372876_373203.avi.npy,test,fp serves into the corner np returns a ls return short rally np cross-court ls lands just wide of the court
P00000626,V009.mp4_375569_375680.avi.npy,test,great serve at t is and ace
P00000627,V009.mp4_375957_376213.avi.npy,test,good serve in the middle np crafts a rs return a brief rally fp rs cross-court is a winner
P00000628,V009.mp4_376527_376659.avi.npy,test,good serve aimed in the corner np only reaches to it
P00000629,V009.mp4_376965_377113.avi.npy,test,fast serve np rs return lands out of court
P00000630,V009.mp4_378319_378464.avi.npy,test,good bodyline serve fp struggles to return it over the net
P00000631,V009.mp4_379513_379747.avi.npy,test,quick serve fp returns a quick rs return couple of shots exchanged np ls volley goes into the net
P00000632,V009.mp4_380413_380645.avi.npy,test,good bodyline serve fp manages a rs slice return short rally np comes to net and hits a ls volley winner
P00000633,V009.mp4_381274_381488.avi.npy,test,good serve in the corner fp crafts a rs return a few shots exchanged fp cross-court ls goes into the the net
P00000634,V009.mp4_382001_382397.avi.npy,test,quick serve fp returns a quick rs return long rally fp ls hits the net in the middle
P00000635,V009.mp4_385033_385125.avi.npy,test,np hits a ace down the t
P00000636,V009.mp4_385613_386022.avi.npy,test,np aims a high kick serve fp delivers a rs return good rally np cross-court ls fails to land inside the court
P00000637,V009.mp4_386465_386616.avi.npy,test,np hits a slice serve into the corner fp manages a ls return np crafts a rs cross-court winner
P00000638,V009.mp4_387283_387593.avi.npy,test,np hits a good serve into the corner fp manages a rs return long rally fp ls hits the net in the middle
P00000639,V009.mp4_388031_388115.avi.npy,test,np produces an ace down the t
P00000640,V009.mp4_389429_389643.avi.npy,test,fp serves a good one np works a rs return brief rally fp goes for a ls down the line but catches the net
P00000641,V009.mp4_390287_390608.avi.npy,test,good serve in the middle np returns a ls return short rally np flashes a rs cross-court winner
P00000642,V009.mp4_391425_391808.avi.npy,test,fine serve np delivers a ls return good rally fp hits a ls but it lands long
P00000643,V009.mp4_392709_392927.avi.npy,test,quick serve np returns a ls return couple of shots exchanged np puts a rs into the net
P00000644,V009.mp4_393871_394374.avi.npy,test,good serve in the middle np returns a rs return extended rally fp nets a rs down the line
P00000645,V009.mp4_397050_397335.avi.npy,test,fp aims a high kick serve down the t np hits a ls return brief rally np cross-court rs lands long
P00000646,V009.mp4_397769_397989.avi.npy,test,fp serves a wide one np hits a ls return a couple of shots exchanged fp rs slice hits the net in the middle
P00000647,V009.mp4_398692_398780.avi.npy,test,double fault
P00000648,V009.mp4_399654_399885.avi.npy,test,fine serve np hits ls cross-court return brief rally np over-cooks a rs cross-court
P00000649,V009.mp4_400640_401066.avi.npy,test,good serve in the middle np returns a ls return long rally np over-cooks a ls down the line
P00000650,V009.mp4_402062_402360.avi.npy,test,fine serve np delivers a ls return intense rally fp moves closer to net goes for a rs volley but struggles to execute it properly
P00000651,V009.mp4_403071_403215.avi.npy,test,slice serve np returns a rs cross-court fp slaps a ls winner down the line
P00000652,V009.mp4_403933_404460.avi.npy,test,slice serve in the middle np manages a ls return extended rally np ls hits the net
P00000653,V010.mp4_12898_13006.avi.npy,train,huge serve is an ace
P00000654,V010.mp4_13372_13490.avi.npy,train,great wide serve is an ace
P00000655,V010.mp4_13887_14027.avi.npy,train,fast serve in the corner fp just gets a racquet to it but it's into the net
P00000656,V010.mp4_14641_14733.avi.npy,train,fast serve is an ace out wide
P00000657,V010.mp4_15668_15825.avi.npy,train,good serve in the middle fp hits a rs return but it lands wide of the court
P00000658,V010.mp4_16224_16769.avi.npy,train,fine serve down the t fp returns a ls return good rally fp produces a rs cross-court winner
P00000659,V010.mp4_17645_17928.avi.npy,train,quick serve fp returns a ls return couple of shots exchanged fp hits a rs winner down the line
P00000660,V010.mp4_18779_18899.avi.npy,train,double fault
P00000661,V010.mp4_19364_19586.avi.npy,train,fine serve fp returns a quick rs return brief rally np sends a ls cross-court out of the court
P00000662,V010.mp4_20304_20502.avi.npy,train,quick serve np returns a ls return couple of shots exchanged np ls slice fails to clear the net
P00000663,V010.mp4_21315_21552.avi.npy,train,good serve in the middle np returns a ls return short rally fp pulls hits a ls down the line wide of the court
P00000664,V010.mp4_22095_22230.avi.npy,train,fp arrows a good serve at t np is unable to return it
P00000665,V010.mp4_22603_22810.avi.npy,train,quick serve np returns a quick rs return couple of shots exchanged np rs is unable to clear the net
P00000666,V010.mp4_23368_23493.avi.npy,train,nice serve by fp np faces difficulty in returning it
P00000667,V010.mp4_26237_26396.avi.npy,train,fine serve ls return from np cross-court lands wide
P00000668,V010.mp4_26873_27010.avi.npy,train,fp hits a good serve np ls return just lands long
P00000669,V010.mp4_27354_27588.avi.npy,train,fp serves a good one np returns a quick ls return np comes to net and hits a rs winner
P00000670,V010.mp4_28013_28312.avi.npy,train,good serve down the t np returns a rs return brief rally np fails to keep a cross-court rs in the play
P00000671,V010.mp4_28777_28995.avi.npy,train,wide angled serve np puts back a rs return rally np slaps a ls winner down the line
P00000672,V010.mp4_29604_29821.avi.npy,train,heavy serve aimed at t np crafts a rs return rally fp blasts a ls winner down the line
P00000673,V010.mp4_31130_31293.avi.npy,train,slice serve down the t fp with a rs return np hits a ls into the net
P00000674,V010.mp4_31699_31870.avi.npy,train,fine serve fp returns a ls return np hits a ls winner down the line
P00000675,V010.mp4_32581_33155.avi.npy,train,np arrows a bodyline serve fp works a rs return extended rally np comes to net attempts a rs volley but fails to make it over the net
P00000676,V010.mp4_33856_34023.avi.npy,train,heavy serve aimed at t fp crafts a ls return np thumps a rs winner down the line
P00000677,V010.mp4_34750_34861.avi.npy,train,sizzling serve down the t is an ace
P00000678,V010.mp4_35745_35856.avi.npy,train,np serves a heavy ace out wide
P00000679,V010.mp4_38671_38777.avi.npy,train,fine serve rs return from fp finds the net
P00000680,V010.mp4_39251_39468.avi.npy,train,np produces a bodyline serve fp returns a quick rs return couple of shots exchanged np cross-court rs fails to land inside the court
P00000681,V010.mp4_39918_40090.avi.npy,train,np serves a good one fp returns a ls return winner which clips the net tape and drops over
P00000682,V010.mp4_41037_41193.avi.npy,train,np arrows a good serve in the middle fp rs return lands wide
P00000683,V010.mp4_41737_42141.avi.npy,train,quick serve fp crafts a rs return huge rally np comes to net and fails to keep a rs in the play
P00000684,V010.mp4_42771_43079.avi.npy,train,np serves a good one fp returns a quick rs return rally fp cross-court rs catches the net
P00000685,V010.mp4_43934_44261.avi.npy,train,fine serve fp delivers a rs return brief rally np attempts a rs but fails to make it over the net
P00000686,V010.mp4_44804_44943.avi.npy,train,gigantic serve in the corner is an ace
P00000687,V010.mp4_45537_45800.avi.npy,train,np produces a bodyline serve fp crafts a rs return good rally np comes to net attempts a rs volley but fails to make it over the net
P00000688,V010.mp4_46710_47222.avi.npy,train,np serves a high kick serve fp returns a rs return lengthy exchange between the players np sends a ls cross-court out of the court
P00000689,V010.mp4_48629_48712.avi.npy,train,quick serve in the corner is an ace
P00000690,V010.mp4_49258_49390.avi.npy,train,fp hits a flat serve at t np struggles to get it back
P00000691,V010.mp4_49788_49910.avi.npy,train,sharp angled slice serve is an ace
P00000692,V010.mp4_50622_50790.avi.npy,train,fp aims a high kick serve np delivers a ls return fp rs down the line falls into the net
P00000693,V010.mp4_51736_51867.avi.npy,train,fine serve np shoots a rs return winner
P00000694,V010.mp4_52302_52420.avi.npy,train,cannon serve is an ace
P00000695,V010.mp4_56193_56334.avi.npy,train,nice serve by fp np faces difficulty in returning it
P00000696,V010.mp4_56654_56874.avi.npy,train,fp aims a bodyline serve np returns a quick rs return fp hits a cross-court ls winner which clips the net tap on the way through
P00000697,V010.mp4_57233_57552.avi.npy,train,fp arrows a bodyline serve np works a ls return np rushes to net and smashes a rs smash winner cross-court
P00000698,V010.mp4_58051_58393.avi.npy,train,quick serve np crafts a rs return couple of shots exchanged np hits a rs winner
P00000699,V010.mp4_58959_59177.avi.npy,train,fp hits a acute angled slice serve np works a rs return fp fails to keep a cross-court rs in the play
P00000700,V010.mp4_60149_60318.avi.npy,train,fp serves a high kick serve np shoots a ls return winner
P00000701,V010.mp4_61706_61928.avi.npy,train,fast serve down the t ls return from np a few shots np unable to keep a rs in play
P00000702,V010.mp4_62308_62691.avi.npy,train,fine serve np hits a rs return good rally np rs down the line lands long of the court
P00000703,V010.mp4_63296_63414.avi.npy,train,slice serve np rs return just lands long
P00000704,V010.mp4_63843_64007.avi.npy,train,fp serves a good one np crafts a rs return fp struggles to keep a cross-court ls in court
P00000705,V010.mp4_64428_64569.avi.npy,train,fp arrows a bodyline serve np returns it into the net
P00000706,V010.mp4_65690_65815.avi.npy,train,double fault
P00000707,V010.mp4_66702_66809.avi.npy,train,high kick serve fp generates a rs return winner
P00000708,V010.mp4_67313_67472.avi.npy,train,fine serve fp is unable to return it in the court
P00000709,V010.mp4_67778_67969.avi.npy,train,quick serve fp crafts a ls return np rs flies outside the court
P00000710,V010.mp4_68452_68621.avi.npy,train,np serves a heavy serve down the t which is an ace
P00000711,V010.mp4_68937_69215.avi.npy,train,good serve in the middle fp returns a ls return rally fp strokes a rs cross-court winner
P00000712,V010.mp4_72084_72230.avi.npy,train,fine serve fp is unable to return it
P00000713,V010.mp4_73137_73318.avi.npy,train,np aims a high kick serve fp guides a rs cross-court return then rushes to net and volleys a winner past np
P00000714,V010.mp4_73892_74188.avi.npy,train,good serve fp works a rs return good rally np smacks a rs winner cross-court
P00000715,V010.mp4_74788_74952.avi.npy,train,fine serve fp works a rs return np smacks a rs winner down the line
P00000716,V010.mp4_75513_75623.avi.npy,train,monumental serve is an ace
P00000717,V010.mp4_76366_76601.avi.npy,train,sharp angled slice serve np rs return is long
P00000718,V010.mp4_76836_77315.avi.npy,train,good serve in wide np returns a ls return long rally fp sends a ls down the line outside the court
P00000719,V010.mp4_78176_78549.avi.npy,train,quick serve np works a ls return huge rally np whips a ls cross-court winner
P00000720,V010.mp4_79160_79486.avi.npy,train,fp serves a good one np works a rs return rally np cross-court rs lands out-side the court
P00000721,V010.mp4_80033_80132.avi.npy,train,cannon serve wide is an ace
P00000722,V010.mp4_80528_80693.avi.npy,train,fine serve np is unable to return it
P00000723,V010.mp4_83661_83777.avi.npy,val,lightening serve down the t is an ace
P00000724,V010.mp4_84195_84315.avi.npy,val,quick serve wide is an ace
P00000725,V010.mp4_84714_85045.avi.npy,val,good serve in the middle np crafts a ls return rally np rushes in quickly and volleys a ls winner
P00000726,V010.mp4_85569_85653.avi.npy,val,sizzling serve in the corner is an ace
P00000727,V010.mp4_86461_86643.avi.npy,val,fp serves a good one np delivers a rs return short rally np flashes a rs cross-court winner
P00000728,V010.mp4_87507_87773.avi.npy,val,good serve in the middle np returns a quick rs return short rally np cross-court fails to clear the net in the middle
P00000729,V010.mp4_88722_88957.avi.npy,test,fine serve fp crafts a rs return np sends a ls out of the court
P00000730,V010.mp4_89385_89721.avi.npy,test,quick serve fp returns a quick rs return couple of shots exchanged np rs is unable to clear the net
P00000731,V010.mp4_90227_90586.avi.npy,test,np serves a good one fp returns a rs return rally fp fails to keep a cross-court rs in the play
P00000732,V010.mp4_91088_91299.avi.npy,test,good serve in the middle fp delivers a rs return np thumps a rs winner down the line
P00000733,V010.mp4_91758_91943.avi.npy,test,wide serve fp has no answer to it
P00000734,V010.mp4_92656_92792.avi.npy,test,np aims a high kick serve fp returns a rs winner down the line
P00000735,V010.mp4_94875_95009.avi.npy,test,quick serve fp works a rs return np ls catches the net
P00000736,V010.mp4_95486_95868.avi.npy,test,np serves a good one fp crafts a rs return well contensted rally np produces a rs cross-court winner from the net
P00000737,V010.mp4_96376_96551.avi.npy,test,good serve fp fails to get it back
P00000738,V010.mp4_96905_97076.avi.npy,test,np arrows a good serve at t fp is unable to return it within the court
P00000739,V010.mp4_99592_99711.avi.npy,test,lightening serve in the corner is an ace
P00000740,V010.mp4_100101_100213.avi.npy,test,quick out-wide serve is an ace
P00000741,V010.mp4_100606_100745.avi.npy,test,short angled slice serve is an ace
P00000742,V010.mp4_101157_101314.avi.npy,test,fine serve fp returns a quick ls return a few shots exchanged fp strokes a ls cross-court winner
P00000743,V010.mp4_102039_102362.avi.npy,test,quick serve fp returns a rs return rally np cross-court rs fails to clear the net in the middle
P00000744,V010.mp4_103265_103632.avi.npy,test,heavy serve aimed at t fp crafts a ls return long rally fp thumps a ls winner down the line
P00000745,V010.mp4_105082_105483.avi.npy,test,quick serve fp returns a quick rs return huge rally fp hits a ls cross-court long of the court
P00000746,V010.mp4_106939_107021.avi.npy,test,lightening serve down t is an ace
